{
    "Kickallmember": false,
    "Mentiongift": false,
    "Mentionkick": false,
    "Respontag": "maaf ya ane lagi sibuk, pm aja biar mesrahh",
    "Talkblacklist": {},
    "Talkdblacklist": false,
    "Talkwblacklist": false,
    "Timeline": true,
    "Shared": true,
    "addadmin": false,
    "addbots": false,
    "addowner": false,
    "addstaff": false,
    "admin": {},
    "autoAdd": true,
    "autoJoin": true,
    "autoJoinTicket": true,
    "autoLeave": false,
    "autoLeave1": false,
    "blacklist": {},
    "bots": {},
    "comment": "sukses boss",
    "like": true,
    "likeOn": true,
    "postEndUrl": true,
    "contact": false,
    "dblacklist": false,
    "delladmin": false,
    "dellbot": false,
    "dellbots": false,
    "dellowner": false,
    "dellstaff": false,
    "detectMention": true,
    "invite": false,
    "leave": "!!!",
    "limit": 5,
    "mention": ".",
    "message": "thanks by jacky areza",
    "owner": {},
    "selfbot": true,
    "sticker": false,
    "talkban": false,
    "unsend": true,
    "wblacklist": false,
    "welcome": "!!!",
    "welcomeOn": false
}